Title,Description,ImagePath,Category,Price,InStock,Featured
Chris Stapleton,Chris Stapleton design on premium custom flannel,chris.jpeg,classic-rock,85,TRUE,TRUE
Jimi Hendrix,Vintage flannel with iconic Jimi Hendrix artwork,jimi.jpeg,classic-rock,85,TRUE,TRUE
Grateful Dead,Classic Grateful Dead design on premium flannel,dead.jpeg,classic-rock,85,TRUE,TRUE
Bob Marley,Vintage Bob Marley design on classic flannel,bob.jpeg,classic-rock,85,TRUE,TRUE
Rolling Stones Toddler,Rolling Stones toddler size design on premium flannel,mini_srtones.jpeg,classic-rock,85,TRUE,TRUE
Michael Franti,Michael Franti & Spearhead design on premium flannel,MichaelFranti.jpeg,alternative,85,TRUE,TRUE
Led Zeppelin II,Bleached plaid flannel with iconic Led Zeppelin II album cover,8914D332-9D10-4BA5-8D18-DD4B1BF1C985_1_105_c.jpeg,classic-rock,85,TRUE,TRUE
Kurt Cobain - Vintage Portrait,Dark plaid flannel with iconic Kurt Cobain black and white photo,144D107B-012B-4652-B4C4-BE176A47375E_1_105_c.jpeg,lifestyle,85,FALSE,FALSE
The Beatles - Classic Album Photo,Dark plaid flannel with iconic Beatles vintage album artwork,55081C4B-51BD-47A3-85DC-B3101E30334D_1_105_c.jpeg,classic-rock,85,FALSE,FALSE
The Eagles - Their Greatest Hits,Checkered flannel with classic Eagles album design,10D2122C-E44E-4F3A-868A-9F1B8639C920_1_105_c.jpeg,classic-rock,85,FALSE,FALSE
Steve Miller Band - Flying Eagle,Green plaid flannel with vintage Steve Miller Band eagle design,4C586A03-E11D-40B7-8462-8B19FFBA9567_1_102_o.jpeg,classic-rock,85,FALSE,FALSE
Grateful Dead - Skull & Roses,Classic Grateful Dead design with iconic skull and lightning bolt on plaid flannel,0EFCF944-742E-4DE0-BC78-06F46E5F3A65_1_105_c.jpeg,classic-rock,85,FALSE,FALSE
Duane Allman Tribute,Beautiful tribute to Duane Allman on vintage plaid flannel,1D2A2C55-16E6-4181-B0C8-C1A12F9D8E2B_1_105_c.jpeg,classic-rock,85,FALSE,FALSE
The Beatles - Abbey Road,Iconic Abbey Road album cover on bleached plaid flannel,3283EB2B-1605-4202-A67F-F56603047084_1_105_c.jpeg,classic-rock,85,FALSE,FALSE
Grateful Dead - Space Your Face,Psychedelic space design with skull and roses on bleached plaid flannel,361EA8EC-9F8B-476A-8172-D776143DE84C_1_102_o.jpeg,classic-rock,85,FALSE,FALSE
Pink Floyd - Wish You Were Here,Classic Wish You Were Here album artwork on vintage plaid flannel,38612D9E-A915-4597-8828-7D9E0107A375_1_102_o.jpeg,classic-rock,85,FALSE,FALSE
Bob Dylan - Like A Rolling Stone,Classic Bob Dylan song reference on bleached flannel,55995E9E-3BB5-470E-A2B3-8CBEA138ACFB_1_105_c.jpeg,classic-rock,85,FALSE,FALSE
Fleetwood Mac - Rumours,Classic Rumours album cover on vintage plaid flannel,59BDB081-6BE9-4B8E-ACE0-8ED28BBB963E_1_102_o.jpeg,classic-rock,85,FALSE,FALSE
Allman Brothers Band - Eat A Peach,Classic Eat A Peach album cover with psychedelic mushroom artwork on plaid flannel,5A23722F-0FE5-4469-A8C4-3388DEB661B1_1_102_o.jpeg,classic-rock,85,FALSE,FALSE
Rock Collection Piece,Unique piece from our rock collection on flannel,5DFCD0D5-6128-497C-BF12-1176766D6F80_1_102_o.jpeg,classic-rock,85,FALSE,FALSE
Rock Legend Tribute,Rock legend tribute design on vintage flannel,708460C3-DC90-4151-8070-8B57C2A4A86C_1_105_c.jpeg,classic-rock,85,FALSE,FALSE
Led Zeppelin - US Tour 1975,Vintage Led Zeppelin US Tour 1975 design with swan song logo on plaid flannel,71EC1F58-AF4E-4072-8EFB-732A3A9FBAD4_1_102_o.jpeg,classic-rock,85,FALSE,FALSE
Pink Floyd - Dark Side of the Moon,Iconic Dark Side of the Moon prism design on bleached flannel,72D3F9F7-4D8D-4D0B-8671-749DCAFB24FB_1_105_c.jpeg,classic-rock,85,FALSE,FALSE
Janis Joplin - Madison Square Garden 1969,Vintage concert poster design on bleached flannel,77720F59-C386-41B3-81D6-22EA40CFDC83_1_105_c.jpeg,classic-rock,85,FALSE,FALSE
The Who - British Flag Logo,Classic The Who logo with Union Jack design on bleached flannel,836011D6-4B56-4548-A706-FB158C627BEA_1_102_o.jpeg,classic-rock,85,FALSE,FALSE
John Lennon - New York City,Iconic John Lennon photo in NYC t-shirt on vintage plaid flannel,85C61D8E-E14A-41BC-AAE1-D8EA0B3DB82F_1_105_c.jpeg,classic-rock,85,FALSE,FALSE
KISS - Classic Band Photo,Iconic KISS band photo with full makeup and costumes on yellow plaid flannel,8AD2A4EE-2F68-472F-8F8A-5BED83ED6C9D_1_102_o.jpeg,classic-rock,85,FALSE,FALSE
The Clash - London Calling,Iconic London Calling album artwork on bleached plaid flannel,934487B4-A625-488E-A5A9-7394F126D9DA_1_102_o.jpeg,punk,85,FALSE,FALSE
Grateful Dead - Steal Your Face,Classic Grateful Dead Steal Your Face skull logo on black and white checkered flannel,AA755750-F361-460F-AA84-E57B819BB51F_1_102_o.jpeg,classic-rock,85,FALSE,FALSE
Johnny Cash - The Finger,Iconic Johnny Cash middle finger photo on bleached plaid flannel,AB50F47D-FB19-4505-953D-2FC3DFEDDC22_1_105_c.jpeg,country,85,FALSE,FALSE
David Bowie - Ziggy Stardust,Iconic David Bowie Ziggy Stardust lightning bolt face on bleached flannel,AEA0ABCB-2904-4C27-B4AB-ED16B0DAFB38_1_102_o.jpeg,classic-rock,85,FALSE,FALSE
Led Zeppelin IV - The Hermit,Led Zeppelin IV album artwork with hermit and lantern on bleached flannel,AFE09D80-E30F-4058-B271-DCDFDD6F64DB_1_102_o.jpeg,classic-rock,85,FALSE,FALSE
The Killers - Rhinestone Logo,The Killers band name in rhinestone/dotted lettering on checkered flannel,B7D5199C-7666-4D0A-8FC6-5375A38EEE76_1_102_o.jpeg,alternative,85,FALSE,FALSE
Steely Dan - Can't Buy A Thrill,Steely Dan Can't Buy A Thrill album artwork on bleached flannel,BACFF9D4-0FA6-4512-AFB5-856D157806FC_1_102_o.jpeg,classic-rock,85,FALSE,FALSE
John Lennon - Merry Christmas,John Lennon holiday design with American flag motif on red plaid flannel,C02FBA78-0727-4860-BE44-B33698F836D6_1_102_o.jpeg,classic-rock,85,FALSE,FALSE
The Rolling Stones - Classic Logo,Iconic Rolling Stones tongue and lips logo EST 1962 on red plaid flannel,C30DEDF6-787C-46C7-B3B7-70905D94DA84_1_102_o.jpeg,classic-rock,85,FALSE,FALSE
Allman Brothers Band - Eat A Peach (Blue),Allman Brothers Band Eat A Peach album cover with peach artwork on bleached flannel,D5FD1E09-F112-4188-BBD0-822D5850CEEF_1_102_o.jpeg,classic-rock,85,FALSE,FALSE
Elvis Presley - Army Mugshot,Famous Elvis Presley army mugshot photo on tie-dye flannel,D88470E0-B7ED-462B-9743-6075027F0B6E_1_105_c.jpeg,classic-rock,85,FALSE,FALSE
Classic Music Heritage,Classic music heritage on flannel shirt,DE6F3871-DE96-4CA9-B8B0-D4010BAF15E7_1_105_c.jpeg,classic-rock,85,FALSE,FALSE
David Bowie - Live Performance,David Bowie live performance photo on bleached plaid flannel,F4C8A58C-0EB8-46DE-842A-F7A5282D05E3_1_105_c.jpeg,classic-rock,85,FALSE,FALSE
Joni Mitchell - Blue,Joni Mitchell Blue album artwork on bleached plaid flannel,FBB9D8E6-C509-4791-AD82-A356992CFB17_1_105_c.jpeg,classic-rock,85,FALSE,FALSE
Billy Joel - Piano Man,Billy Joel Piano Man artwork on bleached plaid flannel,26291752-037B-4B51-A567-370B6C609158_1_105_c.jpeg,classic-rock,85,FALSE,FALSE
Grateful Dead - Steal Your Face (Tie-Dye Denim),Grateful Dead Steal Your Face skull logo on tie-dye denim jacket,4C78C12B-BD9C-47DA-A992-F4437B33AA19_1_105_c.jpeg,classic-rock,85,FALSE,FALSE
Steve Miller Band - Flying Horse Logo,Steve Miller Band winged pegasus logo on bleached plaid flannel,57042873-DC64-4B72-8F2D-672012E996C0_1_102_o.jpeg,classic-rock,85,FALSE,FALSE
Grateful Dead - Skeleton & Roses,Grateful Dead skeleton with roses design on brown plaid flannel,5F97229D-2EFA-4437-A3C5-6FF10100DDBD_1_102_o.jpeg,classic-rock,85,FALSE,FALSE
Black Sabbath - Master of Reality,Black Sabbath Master of Reality album artwork on bleached plaid flannel,653510F5-CE49-4857-B8E8-0B9F30CB16E3_1_105_c.jpeg,classic-rock,85,FALSE,FALSE
Jimi Hendrix - Psychedelic Portrait,Jimi Hendrix psychedelic artwork with rainbow colors on plaid flannel,96E75FF2-F1B3-46BE-AEB3-D0CA48258A1F_1_105_c.jpeg,classic-rock,85,FALSE,FALSE
Steely Dan - Rainbow Logo,Steely Dan rainbow circle logo on bleached plaid flannel,A287B870-A4E9-49E9-BE0D-3EFA7463B0CF_1_102_o.jpeg,classic-rock,85,FALSE,FALSE
Elton John - Classic Portrait,Elton John classic portrait with sunglasses on bleached plaid flannel,AB76CC7B-41A7-46B1-A25D-F8402CAF6ECD_1_105_c.jpeg,classic-rock,85,FALSE,FALSE
Grateful Dead - Fare Thee Well,Grateful Dead Fare Thee Well skull and roses design on tie-dye plaid flannel,B613C6D7-4F5E-4931-A603-1580DF28AECC_1_102_o.jpeg,classic-rock,85,FALSE,FALSE
Led Zeppelin - US Tour 1977,Led Zeppelin United States of America 1977 tour with swan logo on bleached plaid flannel,B6D0E959-0CAD-45EA-BFDB-CBEA283FDF2D_1_105_c.jpeg,classic-rock,85,FALSE,FALSE
Rolling Stones - Tongue Logo,Classic Rolling Stones tongue and lips logo on tie-dye plaid flannel,C8EC0DC8-0B02-44B7-AA5A-91DACD172A9C_1_105_c.jpeg,classic-rock,85,FALSE,FALSE
Grateful Dead - Skull & Roses Denim,Grateful Dead skull and roses design on vintage denim jacket,D8A8C677-783E-4AA9-81B5-0893ECA3B4F6_1_105_c.jpeg,classic-rock,85,FALSE,FALSE
Sublime - Sun Logo,Sublime band sun logo design on bleached plaid flannel,E94557B7-9196-4061-9DE3-E160AF4A4234_1_105_c.jpeg,alternative,85,FALSE,FALSE
Bruce Springsteen - Born in the USA,Bruce Springsteen Born in the USA album artwork on bleached plaid flannel,F5337D68-9426-41BC-AB36-687DBEDA1335_1_102_o.jpeg,classic-rock,85,FALSE,FALSE
Janis Joplin - Wilder & More Magical,Janis Joplin "Wilder & More Magical Than Ever" vintage poster on tie-dye flannel,297A2DA1-BB95-4F9D-B5EA-27D32D9D7184_1_105_c.jpeg,classic-rock,85,FALSE,FALSE
Rolling Stones - American Tour,Rolling Stones American Tour with classic tongue logo on red plaid flannel - customer photo,4DB8A0F7-8220-4534-9904-4EFF7336A119_1_105_c.jpeg,lifestyle,85,FALSE,FALSE
Fleetwood Mac - Rumours,Fleetwood Mac Rumours album cover on bleached red plaid flannel,8318945C-66DC-4028-BAFD-75A70DEDC894_1_105_c.jpeg,classic-rock,85,FALSE,FALSE
Grateful Dead - Sunshine Daydream,Grateful Dead Sunshine Daydream with sun and lightning bolt logo on green plaid flannel,A3517BAB-09A9-439E-8E94-6D7F61819699_1_105_c.jpeg,classic-rock,85,FALSE,FALSE
Grateful Dead - Steady On Heart Tree,"Grateful Dead ""Steady On"" anatomical heart with tree design on denim jacket",DABBDEC0-3093-465E-B401-EBD00AAD05CB_1_105_c.jpeg,classic-rock,85,FALSE,FALSE
